Rank,Name,LinkedIn,Score,Keywords,Snippet
1,Vanhishikha Bhargava - B2B SaaS Content Marketing,https://ae.linkedin.com/in/vanhishikhab,275,"founder, seo, ai, saas, b2b, content, content marketing, search, marketing","Founder, Contensify | Search Visibility for B2B SaaS (SEO + AI + Distribution) | Driving Pipeline, Not Traffic | 100+ brands across USA • UK • UAE • Singapore ..."
2,"Brendan Hufford - SaaS Marketing - Content, AEO & SEO",https://www.linkedin.com/in/brendanhufford,273,"founder, vp, head, director, seo, saas, content, marketing",Experience · Head of Marketing · Director of Marketing · VP of Marketing · Advisor · Founder · Strategic Advisor · Advisor · Adobe Insider.
3,Yoav Reder - Global Head of SEO & AI Search,https://www.linkedin.com/in/yoav-reder,268,"head, lead, seo, technical seo, ai, b2b, content, growth, organic, search","SEO/AEO leader with 10+ years driving organic growth for enterprise brands across B2B and B2C. Focused on content strategy, technical SEO, site migrations, ..."
4,Olivia Cal - Freelance B2B SaaS Copywriter,https://uk.linkedin.com/in/olivia-cal,255,"lead, seo, ai, saas, b2b, content, content marketing, search, marketing","Freelance B2B SaaS Copywriter | Fractional Content Marketing Lead | AI-Assisted Workflows | SEO & AI Search | 10+ Years in Tech, Hospitality and Events ..."
5,Alex Henschel - Organic Growth Director & AI Search ...,https://www.linkedin.com/in/alexander-henschel,250,"director, lead, seo, ai, saas, b2b, growth, organic, search","Led organic growth, SEO, web operations, and AI search for a high-growth B2B SaaS platform. Reported to the CMO as primary strategic lead across all organic ..."
6,Stephen Hoops - Content Marketing Leader | AEO + SEO ...,https://www.linkedin.com/in/stephenhoops,245,"lead, seo, ai, saas, b2b, content, content marketing, marketing","Stephen Hoops · Content Marketing Leader | AEO + SEO for B2B SaaS | Turning Content Into Pipeline | Ex-G2, Privy, Slang AI · View mutual connections with Stephen."
7,"🤖 Will Scott - AI SEO (GEO) Expert, Speaker & Practitioner",https://www.linkedin.com/in/williamscott,240,"founder, co-founder, ceo, seo, ai, search","AI SEO (GEO) Expert, Speaker & Practitioner - CEO & Co-founder @ Search Influence · I help marketers and executives harness the power of AI and SEO to drive ..."
8,Manish Kumar Jha - SEO Growth Strategist,https://in.linkedin.com/in/manishjha2621,235,"seo, technical seo, ai, saas, content, growth, organic, search","My background is in technical SEO, organic growth, content strategy, local SEO, and AI search optimization. Over the past 5+ years, I have worked across SaaS, ..."
9,Apoorva Upadhyay - SEO Lead | B2B SaaS Organic Growth,https://in.linkedin.com/in/apoorva-upadhyay1308,230,"lead, seo, technical seo, saas, b2b, content, growth, organic","My work sits at the intersection of Technical SEO, content strategy, and revenue impact. What I bring to the table: → Grew organic traffic by 45–85% YoY through ..."
10,Navneet Jha - B2B SaaS Content Marketing and SEO,https://in.linkedin.com/in/navneet-jha-,228,"head, seo, saas, b2b, content, content marketing, search, marketing",Head of Search Visibility @ Contensify | Search Visibility & Content Strategy for B2B SaaS | Helping 100+ SaaS Brands Across USA • UK • UAE • Singapore ...
